response_mode,id,url,flight_proven,serial_number,is_placeholder,details,successful_landings,attempted_landings,flights,last_launch_date,first_launch_date,fastest_turnaround,status.id,status.name,image.id,image.name,image.image_url,image.thumbnail_url,image.credit,image.license.id,image.license.name,image.license.priority,image.license.link,image.single_use,image.variants,launcher_config.response_mode,launcher_config.id,launcher_config.url,launcher_config.name,launcher_config.families,launcher_config.full_name,launcher_config.variant,image
detailed,106,https://ll.thespacedevs.com/2.3.0/launchers/106/,False,Unknown F9,True,Booster serial number unknown.,,,,,,,8,N/A,1674.0,[AUTO] Unknown F9 - image,https://thespacedevs-prod.nyc3.digitaloceanspaces.com/media/images/106_image_20230708172214.png,https://thespacedevs-prod.nyc3.digitaloceanspaces.com/media/images/255bauto255d__image_thumbnail_20240305193443.png,,1.0,Unknown,9.0,,True,[],list,164,https://ll.thespacedevs.com/2.3.0/launcher_configurations/164/,Falcon 9,"[{'response_mode': 'list', 'id': 1, 'name': 'Falcon'}, {'response_mode': 'list', 'id': 176, 'name': 'Falcon 9'}]",Falcon 9 Block 5,Block 5,
detailed,101,https://ll.thespacedevs.com/2.3.0/launchers/101/,True,B1067,False,Falcon 9 Block 5 booster first used for the CRS-22 mission.,36.0,36.0,36.0,2026-07-09T09:25:43Z,2021-06-03T17:29:15Z,P22DT16H51M10S,3,active,2464.0,B1067 landing on LZ-1 during Koreasat-6A launch,https://thespacedevs-prod.nyc3.digitaloceanspaces.com/media/images/b1067_landing_o_image_20250912153830.jpeg,https://thespacedevs-prod.nyc3.digitaloceanspaces.com/media/images/b1067_landing_o_image_thumbnail_20250912153830.jpeg,SpaceX,1.0,Unknown,9.0,,False,[],list,164,https://ll.thespacedevs.com/2.3.0/launcher_configurations/164/,Falcon 9,"[{'response_mode': 'list', 'id': 1, 'name': 'Falcon'}, {'response_mode': 'list', 'id': 176, 'name': 'Falcon 9'}]",Falcon 9 Block 5,Block 5,
detailed,107,https://ll.thespacedevs.com/2.3.0/launchers/107/,True,B1071,False,Falcon 9 Block 5 booster first used for the NROL-87 mission.,35.0,35.0,35.0,2026-07-11T03:01:57Z,2022-02-02T20:27:26Z,P19DT16H19M25S,3,active,2463.0,B1071 landing on LZ-4 during NROL-87 launch,https://thespacedevs-prod.nyc3.digitaloceanspaces.com/media/images/b1071_landing_o_image_20250912153658.jpeg,https://thespacedevs-prod.nyc3.digitaloceanspaces.com/media/images/b1071_landing_o_image_thumbnail_20250912153658.jpeg,SpaceX,1.0,Unknown,9.0,,False,[],list,164,https://ll.thespacedevs.com/2.3.0/launcher_configurations/164/,Falcon 9,"[{'response_mode': 'list', 'id': 1, 'name': 'Falcon'}, {'response_mode': 'list', 'id': 176, 'name': 'Falcon 9'}]",Falcon 9 Block 5,Block 5,
detailed,84,https://ll.thespacedevs.com/2.3.0/launchers/84/,True,B1063,False,Notable launches include Sentinel-6 and Dart.,34.0,34.0,34.0,2026-08-04T17:05:03Z,2020-11-21T17:17:08Z,P32DT18H36M20S,3,active,1626.0,B1063 landing on LZ-4 during Sentinel-6A Michael Freilich launch,https://thespacedevs-prod.nyc3.digitaloceanspaces.com/media/images/84_image_20201122121517.jpeg,https://thespacedevs-prod.nyc3.digitaloceanspaces.com/media/images/255bauto255d__image_thumbnail_20240305193327.jpeg,SpaceX,1.0,Unknown,9.0,,False,[],list,164,https://ll.thespacedevs.com/2.3.0/launcher_configurations/164/,Falcon 9,"[{'response_mode': 'list', 'id': 1, 'name': 'Falcon'}, {'response_mode': 'list', 'id': 176, 'name': 'Falcon 9'}]",Falcon 9 Block 5,Block 5,
detailed,105,https://ll.thespacedevs.com/2.3.0/launchers/105/,True,B1069,False,Falcon 9 Block 5 booster first used for the CRS-24 mission. Expended during the launch of the MRV-MEP mission.,31.0,31.0,32.0,2026-07-21T21:15:00Z,2021-12-21T10:07:08Z,P25DT18H20M50S,2,expended,2462.0,B1069 at LZ-1 after OneWeb L15 launch,https://thespacedevs-prod.nyc3.digitaloceanspaces.com/media/images/b1069_at_lz-1_a_image_20250912153047.jpeg,https://thespacedevs-prod.nyc3.digitaloceanspaces.com/media/images/b1069_at_lz-1_a_image_thumbnail_20250912153047.jpeg,SpaceX,1.0,Unknown,9.0,,False,[],list,164,https://ll.thespacedevs.com/2.3.0/launcher_configurations/164/,Falcon 9,"[{'response_mode': 'list', 'id': 1, 'name': 'Falcon'}, {'response_mode': 'list', 'id': 176, 'name': 'Falcon 9'}]",Falcon 9 Block 5,Block 5,
detailed,116,https://ll.thespacedevs.com/2.3.0/launchers/116/,True,B1077,False,Falcon 9 Block 5 booster first used for the Crew-5 mission.,30.0,30.0,30.0,2026-08-05T07:49:00Z,2022-10-05T16:00:57Z,P26DT20H34M40S,3,active,1637.0,B1077 landing on LZ-1 during CRS NG-20 launch,https://thespacedevs-prod.nyc3.digitaloceanspaces.com/media/images/116_image_20240201065853.jpg,https://thespacedevs-prod.nyc3.digitaloceanspaces.com/media/images/255bauto255d__image_thumbnail_20240305193345.jpeg,SpaceX,1.0,Unknown,9.0,,False,[],list,164,https://ll.thespacedevs.com/2.3.0/launcher_configurations/164/,Falcon 9,"[{'response_mode': 'list', 'id': 1, 'name': 'Falcon'}, {'response_mode': 'list', 'id': 176, 'name': 'Falcon 9'}]",Falcon 9 Block 5,Block 5,
detailed,120,https://ll.thespacedevs.com/2.3.0/launchers/120/,True,B1078,False,Falcon 9 Block 5 booster first used for the Crew-6 mission.,29.0,29.0,29.0,2026-06-23T10:53:00Z,2023-03-02T05:34:14Z,P20DT11H50M20S,3,active,2458.0,B1078 landing on LZ-2 during USSF-124 launch,https://thespacedevs-prod.nyc3.digitaloceanspaces.com/media/images/b1078_landing_o_image_20250912151734.jpeg,https://thespacedevs-prod.nyc3.digitaloceanspaces.com/media/images/b1078_landing_o_image_thumbnail_20250912151734.jpeg,SpaceX,1.0,Unknown,9.0,,False,[],list,164,https://ll.thespacedevs.com/2.3.0/launcher_configurations/164/,Falcon 9,"[{'response_mode': 'list', 'id': 1, 'name': 'Falcon'}, {'response_mode': 'list', 'id': 176, 'name': 'Falcon 9'}]",Falcon 9 Block 5,Block 5,
detailed,123,https://ll.thespacedevs.com/2.3.0/launchers/123/,True,B1080,False,Falcon 9 Block 5 booster first used for the Axiom Space Mission 2 Crew Dragon mission.,28.0,28.0,28.0,2026-07-14T09:10:12Z,2023-05-21T21:37:09Z,P13DT12H34M20S,3,active,1640.0,B1080 landing on LZ-1 during CRS SpX-30 launch,https://thespacedevs-prod.nyc3.digitaloceanspaces.com/media/images/b1080_image_20240322071018.jpeg,https://thespacedevs-prod.nyc3.digitaloceanspaces.com/media/images/b1080_image_thumbnail_20240322071019.jpeg,SpaceX,5.0,CC BY-NC 2.0,1.0,https://creativecommons.org/licenses/by-nc/2.0/,False,[],list,164,https://ll.thespacedevs.com/2.3.0/launcher_configurations/164/,Falcon 9,"[{'response_mode': 'list', 'id': 1, 'name': 'Falcon'}, {'response_mode': 'list', 'id': 176, 'name': 'Falcon 9'}]",Falcon 9 Block 5,Block 5,
detailed,124,https://ll.thespacedevs.com/2.3.0/launchers/124/,True,B1081,False,Launched Crew-7 on its first flight.,26.0,26.0,26.0,2026-08-01T03:08:43Z,2023-08-26T07:27:27Z,P24DT19H13M20S,3,active,1641.0,B1081 at LZ-1 after Crew-7 launch,https://thespacedevs-prod.nyc3.digitaloceanspaces.com/media/images/124_image_20230827172435.jpeg,https://thespacedevs-prod.nyc3.digitaloceanspaces.com/media/images/255bauto255d__image_thumbnail_20240305193351.jpeg,SpaceX,1.0,Unknown,9.0,,False,[],list,164,https://ll.thespacedevs.com/2.3.0/launcher_configurations/164/,Falcon 9,"[{'response_mode': 'list', 'id': 1, 'name': 'Falcon'}, {'response_mode': 'list', 'id': 176, 'name': 'Falcon 9'}]",Falcon 9 Block 5,Block 5,
detailed,73,https://ll.thespacedevs.com/2.3.0/launchers/73/,True,B1062,False,"Notable launches include GPS III SV04 & SV05, Inspiration4 and Axiom-1.

Destroyed during its 23rd landing attempt on ASOG on 28 August 2024.",22.0,23.0,23.0,2024-08-28T07:48:00Z,2020-11-05T23:24:23Z,P21DT6H9M59S,7,destroyed,1625.0,B1062 landing on ASOG during Axiom Ax-1 launch,https://thespacedevs-prod.nyc3.digitaloceanspaces.com/media/images/73_image_20220426161427.jpeg,https://thespacedevs-prod.nyc3.digitaloceanspaces.com/media/images/255bauto255d__image_thumbnail_20240305193326.jpeg,SpaceX,1.0,Unknown,9.0,,False,[],list,164,https://ll.thespacedevs.com/2.3.0/launcher_configurations/164/,Falcon 9,"[{'response_mode': 'list', 'id': 1, 'name': 'Falcon'}, {'response_mode': 'list', 'id': 176, 'name': 'Falcon 9'}]",Falcon 9 Block 5,Block 5,
detailed,125,https://ll.thespacedevs.com/2.3.0/launchers/125/,True,B1082,False,Falcon 9 Block 5 booster.,23.0,23.0,23.0,2026-07-21T14:49:34Z,2024-01-03T03:44:20Z,P25DT10M,3,active,2632.0,B1082 landing at LZ-4 (USSF-62),https://thespacedevs-prod.nyc3.digitaloceanspaces.com/media/images/b1082_landing_a_image_20251219191159.jpg,https://thespacedevs-prod.nyc3.digitaloceanspaces.com/media/images/b1082_landing_a_image_thumbnail_20251219191159.jpeg,USSF SSC,17.0,Department of Defense Image Use Policy,6.0,https://www.dimoc.mil/resources/limitations/,True,[],list,164,https://ll.thespacedevs.com/2.3.0/launcher_configurations/164/,Falcon 9,"[{'response_mode': 'list', 'id': 1, 'name': 'Falcon'}, {'response_mode': 'list', 'id': 176, 'name': 'Falcon 9'}]",Falcon 9 Block 5,Block 5,
detailed,71,https://ll.thespacedevs.com/2.3.0/launchers/71/,True,B1061,False,"Booster which launched Crew-1, Crew-2 and IXPE. Expended for the launch of Hera.",22.0,22.0,23.0,2024-10-07T14:52:11Z,2020-11-16T00:27:17Z,P24DT9H52M36S,2,expended,2465.0,B1061 landing on LZ-4 during Worldview Legion 1-2 launch,https://thespacedevs-prod.nyc3.digitaloceanspaces.com/media/images/b1061_landing_o_image_20250912154328.jpeg,https://thespacedevs-prod.nyc3.digitaloceanspaces.com/media/images/b1061_landing_o_image_thumbnail_20250912154328.jpeg,SpaceX,1.0,Unknown,9.0,,False,[],list,164,https://ll.thespacedevs.com/2.3.0/launcher_configurations/164/,Falcon 9,"[{'response_mode': 'list', 'id': 1, 'name': 'Falcon'}, {'response_mode': 'list', 'id': 176, 'name': 'Falcon 9'}]",Falcon 9 Block 5,Block 5,
detailed,118,https://ll.thespacedevs.com/2.3.0/launchers/118/,True,B1076,False,Booster first launched on the Dragon CRS-26 mission. Expended during the SPAINSAT-NG II launch.,21.0,21.0,22.0,2025-10-24T01:30:00Z,2022-11-26T19:20:43Z,P21DT2H49M,2,expended,2459.0,B1076 landing on LZ-1 during Worldview Legion 3-4 launch,https://thespacedevs-prod.nyc3.digitaloceanspaces.com/media/images/b1076_landing_o_image_20250912152159.jpeg,https://thespacedevs-prod.nyc3.digitaloceanspaces.com/media/images/b1076_landing_o_image_thumbnail_20250912152200.jpeg,SpaceX,1.0,Unknown,9.0,,False,[],list,164,https://ll.thespacedevs.com/2.3.0/launcher_configurations/164/,Falcon 9,"[{'response_mode': 'list', 'id': 1, 'name': 'Falcon'}, {'response_mode': 'list', 'id': 176, 'name': 'Falcon 9'}]",Falcon 9 Block 5,Block 5,
detailed,112,https://ll.thespacedevs.com/2.3.0/launchers/112/,True,B1073,False,"Notable missions include SES-22, Hakuto-R and CRS-27. Expended during the SPAINSAT-NG I launch.",20.0,20.0,21.0,2025-01-30T01:34:00Z,2022-05-14T20:40:50Z,P25DT20H44M,2,expended,2461.0,B1073 landing on LZ-1 during Bandwagon-1 launch,https://thespacedevs-prod.nyc3.digitaloceanspaces.com/media/images/b1073_landing_o_image_20250912152710.jpeg,https://thespacedevs-prod.nyc3.digitaloceanspaces.com/media/images/b1073_landing_o_image_thumbnail_20250912152710.jpeg,SpaceX,1.0,Unknown,9.0,,False,[],list,164,https://ll.thespacedevs.com/2.3.0/launcher_configurations/164/,Falcon 9,"[{'response_mode': 'list', 'id': 1, 'name': 'Falcon'}, {'response_mode': 'list', 'id': 176, 'name': 'Falcon 9'}]",Falcon 9 Block 5,Block 5,
detailed,72,https://ll.thespacedevs.com/2.3.0/launchers/72/,True,B1060,False,Stage Expended for the Galileo L12 mission.,19.0,19.0,20.0,2024-04-28T00:34:00Z,2020-06-30T20:10:46Z,P27DT4H4M54S,2,expended,1623.0,[AUTO] B1060 - image,https://thespacedevs-prod.nyc3.digitaloceanspaces.com/media/images/72_image_20230713061744.jpg,https://thespacedevs-prod.nyc3.digitaloceanspaces.com/media/images/255bauto255d__image_thumbnail_20240305193323.jpeg,,1.0,Unknown,9.0,,True,[],list,164,https://ll.thespacedevs.com/2.3.0/launcher_configurations/164/,Falcon 9,"[{'response_mode': 'list', 'id': 1, 'name': 'Falcon'}, {'response_mode': 'list', 'id': 176, 'name': 'Falcon 9'}]",Falcon 9 Block 5,Block 5,
detailed,69,https://ll.thespacedevs.com/2.3.0/launchers/69/,True,B1058,False,"Booster first flown during the DEMO-2 mission. Only booster featuring the NASA worm logo.

Written off after toppled by rough seas during transport on 25 December 2023 after safely landing aboard JRTI.",19.0,19.0,19.0,2023-12-23T05:33:00Z,2020-05-30T19:22:45Z,P27DT8H20M31S,4,lost,1621.0,[AUTO] B1058 - image,https://thespacedevs-prod.nyc3.digitaloceanspaces.com/media/images/69_image_20200602210857.jpeg,https://thespacedevs-prod.nyc3.digitaloceanspaces.com/media/images/255bauto255d__image_thumbnail_20240305193319.jpeg,,1.0,Unknown,9.0,,True,[],list,164,https://ll.thespacedevs.com/2.3.0/launcher_configurations/164/,Falcon 9,"[{'response_mode': 'list', 'id': 1, 'name': 'Falcon'}, {'response_mode': 'list', 'id': 176, 'name': 'Falcon 9'}]",Falcon 9 Block 5,Block 5,
detailed,151,https://ll.thespacedevs.com/2.3.0/launchers/151/,True,B1085,False,Booster used during the Crew-9 and Fram2 mission.,18.0,18.0,18.0,2026-08-11T15:58:26Z,2024-08-20T13:20:00Z,P23DT7H36M10S,3,active,2290.0,B1085 during landing at LZ-1 (Crew-9),https://thespacedevs-prod.nyc3.digitaloceanspaces.com/media/images/b1085_during_la_image_20241217151951.jpg,https://thespacedevs-prod.nyc3.digitaloceanspaces.com/media/images/b1085_during_la_image_thumbnail_20241217151951.jpeg,SpaceX,1.0,Unknown,9.0,,True,[],list,164,https://ll.thespacedevs.com/2.3.0/launcher_configurations/164/,Falcon 9,"[{'response_mode': 'list', 'id': 1, 'name': 'Falcon'}, {'response_mode': 'list', 'id': 176, 'name': 'Falcon 9'}]",Falcon 9 Block 5,Block 5,
detailed,153,https://ll.thespacedevs.com/2.3.0/launchers/153/,True,B1088,False,Falcon 9 booster.,18.0,18.0,18.0,2026-08-16T01:50:45Z,2024-11-30T08:10:00Z,P9DT3H38M48S,3,active,2457.0,B1088 landing on LZ-4 during Transporter-12 launch,https://thespacedevs-prod.nyc3.digitaloceanspaces.com/media/images/b1088_landing_o_image_20250912151209.jpeg,https://thespacedevs-prod.nyc3.digitaloceanspaces.com/media/images/b1088_landing_o_image_thumbnail_20250912151209.jpeg,SpaceX,1.0,Unknown,9.0,,False,[],list,164,https://ll.thespacedevs.com/2.3.0/launcher_configurations/164/,Falcon 9,"[{'response_mode': 'list', 'id': 1, 'name': 'Falcon'}, {'response_mode': 'list', 'id': 176, 'name': 'Falcon 9'}]",Falcon 9 Block 5,Block 5,
detailed,126,https://ll.thespacedevs.com/2.3.0/launchers/126/,True,B1083,False,Booster first flown during the Crew-8 mission.,16.0,16.0,16.0,2025-12-11T22:01:20Z,2024-03-04T03:53:38Z,P23DT24M50S,3,active,1643.0,B1083 at LZ-1 after Crew-8 launch,https://thespacedevs-prod.nyc3.digitaloceanspaces.com/media/images/126_image_20240304081131.jpeg,https://thespacedevs-prod.nyc3.digitaloceanspaces.com/media/images/255bauto255d__image_thumbnail_20240305193355.jpeg,SpaceX,5.0,CC BY-NC 2.0,1.0,https://creativecommons.org/licenses/by-nc/2.0/,False,[],list,164,https://ll.thespacedevs.com/2.3.0/launcher_configurations/164/,Falcon 9,"[{'response_mode': 'list', 'id': 1, 'name': 'Falcon'}, {'response_mode': 'list', 'id': 176, 'name': 'Falcon 9'}]",Falcon 9 Block 5,Block 5,
detailed,193,https://ll.thespacedevs.com/2.3.0/launchers/193/,True,B1093,False,Falcon 9 booster debuting on Starlink Group 11-11.,16.0,16.0,16.0,2026-08-08T16:35:02Z,2025-04-07T23:06:10Z,P21DT22H7M44S,3,active,2455.0,Falcon 9 on SLC-4E (SDA-T1TL-B),https://thespacedevs-prod.nyc3.digitaloceanspaces.com/media/images/falcon_9_on_slc_image_20250910140450.jpeg,https://thespacedevs-prod.nyc3.digitaloceanspaces.com/media/images/falcon_9_on_slc_image_thumbnail_20250910140451.jpeg,SpaceX,1.0,Unknown,9.0,,True,[],list,164,https://ll.thespacedevs.com/2.3.0/launcher_configurations/164/,Falcon 9,"[{'response_mode': 'list', 'id': 1, 'name': 'Falcon'}, {'response_mode': 'list', 'id': 176, 'name': 'Falcon 9'}]",Falcon 9 Block 5,Block 5,
detailed,190,https://ll.thespacedevs.com/2.3.0/launchers/190/,True,B1090,False,Falcon 9 booster.,14.0,14.0,14.0,2026-08-16T01:12:14Z,2024-12-17T22:26:00Z,P22DT15H50M16S,3,active,2353.0,B1090 at LZ-1 (Crew-10),https://thespacedevs-prod.nyc3.digitaloceanspaces.com/media/images/b1090_at_lz-1__image_20250316065021.jpg,https://thespacedevs-prod.nyc3.digitaloceanspaces.com/media/images/b1090_at_lz-1__image_thumbnail_20250316065021.jpeg,SpaceX,1.0,Unknown,9.0,,True,[],list,164,https://ll.thespacedevs.com/2.3.0/launcher_configurations/164/,Falcon 9,"[{'response_mode': 'list', 'id': 1, 'name': 'Falcon'}, {'response_mode': 'list', 'id': 176, 'name': 'Falcon 9'}]",Falcon 9 Block 5,Block 5,
detailed,2,https://ll.thespacedevs.com/2.3.0/launchers/2/,True,B1051,False,Stage Expended,13.0,13.0,14.0,2022-11-12T16:06:00Z,2019-03-02T07:49:00Z,P37DT19H32M,2,expended,1614.0,[AUTO] B1051 - image,https://thespacedevs-prod.nyc3.digitaloceanspaces.com/media/images/2_image_20200211104751.jpeg,https://thespacedevs-prod.nyc3.digitaloceanspaces.com/media/images/255bauto255d__image_thumbnail_20240305193307.jpeg,,1.0,Unknown,9.0,,True,[],list,164,https://ll.thespacedevs.com/2.3.0/launcher_configurations/164/,Falcon 9,"[{'response_mode': 'list', 'id': 1, 'name': 'Falcon'}, {'response_mode': 'list', 'id': 176, 'name': 'Falcon 9'}]",Falcon 9 Block 5,Block 5,
detailed,199,https://ll.thespacedevs.com/2.3.0/launchers/199/,True,B1097,False,Falcon 9 booster.,12.0,12.0,12.0,2026-08-19T04:01:07Z,2025-09-03T03:51:26Z,P14DT3H45M49S,3,active,2631.0,B1097 landing at LZ-4 (Sentinel 6B),https://thespacedevs-prod.nyc3.digitaloceanspaces.com/media/images/b1097_landing_a_image_20251219190818.jpg,https://thespacedevs-prod.nyc3.digitaloceanspaces.com/media/images/b1097_landing_a_image_thumbnail_20251219190819.jpeg,NASA Kennedy,4.0,NASA Image and Media Guidelines,0.0,https://www.nasa.gov/nasa-brand-center/images-and-media/,True,[],list,164,https://ll.thespacedevs.com/2.3.0/launcher_configurations/164/,Falcon 9,"[{'response_mode': 'list', 'id': 1, 'name': 'Falcon'}, {'response_mode': 'list', 'id': 176, 'name': 'Falcon 9'}]",Falcon 9 Block 5,Block 5,
detailed,57,https://ll.thespacedevs.com/2.3.0/launchers/57/,True,B1049,False,Stage Expended,10.0,10.0,11.0,2022-11-23T02:57:00Z,2018-09-10T04:45:00Z,P61DT10H36M6S,2,expended,1612.0,[AUTO] B1049 - image,https://thespacedevs-prod.nyc3.digitaloceanspaces.com/media/images/57_image_20190226084723.jpeg,https://thespacedevs-prod.nyc3.digitaloceanspaces.com/media/images/255bauto255d__image_thumbnail_20240305193305.jpeg,,1.0,Unknown,9.0,,True,[],list,164,https://ll.thespacedevs.com/2.3.0/launcher_configurations/164/,Falcon 9,"[{'response_mode': 'list', 'id': 1, 'name': 'Falcon'}, {'response_mode': 'list', 'id': 176, 'name': 'Falcon 9'}]",Falcon 9 Block 5,Block 5,
detailed,192,https://ll.thespacedevs.com/2.3.0/launchers/192/,True,B1092,False,Falcon 9 booster debuting on Starlink Group 12-13.,10.0,10.0,10.0,2026-02-24T23:04:10Z,2025-02-27T03:34:20Z,P25DT14H13M40S,3,active,2357.0,B1092 landing at LZ-1 (NROL-69),https://thespacedevs-prod.nyc3.digitaloceanspaces.com/media/images/b1092_landing_a_image_20250325084800.jpg,https://thespacedevs-prod.nyc3.digitaloceanspaces.com/media/images/b1092_landing_a_image_thumbnail_20250325084801.jpeg,SpaceX,1.0,Unknown,9.0,,True,[],list,164,https://ll.thespacedevs.com/2.3.0/launcher_configurations/164/,Falcon 9,"[{'response_mode': 'list', 'id': 1, 'name': 'Falcon'}, {'response_mode': 'list', 'id': 176, 'name': 'Falcon 9'}]",Falcon 9 Block 5,Block 5,
detailed,239,https://ll.thespacedevs.com/2.3.0/launchers/239/,True,B1100,False,"Falcon 9 booster, with a special “100” logo in lieu of the usual serial number style painted on the booster.",8.0,8.0,8.0,2026-07-25T15:51:55Z,2025-11-23T08:48:00Z,P23DT12H53M36S,3,active,1736.0,Falcon 9 liftoff from LC-39A,https://thespacedevs-prod.nyc3.digitaloceanspaces.com/media/images/falcon_9_image_20230807133459.jpeg,https://thespacedevs-prod.nyc3.digitaloceanspaces.com/media/images/255bauto255d__image_thumbnail_20240305193628.jpeg,SpaceX,5.0,CC BY-NC 2.0,1.0,https://creativecommons.org/licenses/by-nc/2.0/,False,[],list,164,https://ll.thespacedevs.com/2.3.0/launcher_configurations/164/,Falcon 9,"[{'response_mode': 'list', 'id': 1, 'name': 'Falcon'}, {'response_mode': 'list', 'id': 176, 'name': 'Falcon 9'}]",Falcon 9 Block 5,Block 5,
detailed,194,https://ll.thespacedevs.com/2.3.0/launchers/194/,True,B1094,False,Falcon 9 booster debuting on Starlink Group 12-10.,7.0,7.0,7.0,2026-04-11T11:41:21Z,2025-04-29T02:34:10Z,P37DT9H11M50S,3,active,2456.0,B1094 landing on LZ-1 during Crew-11 launch,https://thespacedevs-prod.nyc3.digitaloceanspaces.com/media/images/b1094_landing_o_image_20250912150803.jpeg,https://thespacedevs-prod.nyc3.digitaloceanspaces.com/media/images/b1094_landing_o_image_thumbnail_20250912150803.jpeg,SpaceX,1.0,Unknown,9.0,,False,[],list,164,https://ll.thespacedevs.com/2.3.0/launcher_configurations/164/,Falcon 9,"[{'response_mode': 'list', 'id': 1, 'name': 'Falcon'}, {'response_mode': 'list', 'id': 176, 'name': 'Falcon 9'}]",Falcon 9 Block 5,Block 5,
detailed,197,https://ll.thespacedevs.com/2.3.0/launchers/197/,True,B1096,False,Falcon 9 booster.,7.0,7.0,7.0,2026-07-30T07:10:19Z,2025-07-16T06:30:00Z,P28DT15H54M55S,3,active,2630.0,B1096 landing at LZ-2 (NROL-77),https://thespacedevs-prod.nyc3.digitaloceanspaces.com/media/images/b1096_landing_a_image_20251219190526.jpg,https://thespacedevs-prod.nyc3.digitaloceanspaces.com/media/images/b1096_landing_a_image_thumbnail_20251219190527.jpeg,SpaceX,1.0,Unknown,9.0,,True,[],list,164,https://ll.thespacedevs.com/2.3.0/launcher_configurations/164/,Falcon 9,"[{'response_mode': 'list', 'id': 1, 'name': 'Falcon'}, {'response_mode': 'list', 'id': 176, 'name': 'Falcon 9'}]",Falcon 9 Block 5,Block 5,
detailed,196,https://ll.thespacedevs.com/2.3.0/launchers/196/,True,B1095,False,Falcon 9 booster debuting on Starlink Group 12-15.,7.0,7.0,7.0,2026-04-21T06:53:25Z,2025-05-21T03:19:10Z,P37DT18H16M15S,3,active,2756.0,GPS III SV10 launch,https://thespacedevs-prod.nyc3.digitaloceanspaces.com/media/images/gps_iii_sv10_la_image_20260429163711.jpg,https://thespacedevs-prod.nyc3.digitaloceanspaces.com/media/images/gps_iii_sv10_la_image_thumbnail_20260429163711.jpeg,SpaceX,1.0,Unknown,9.0,,True,[],list,164,https://ll.thespacedevs.com/2.3.0/launcher_configurations/164/,Falcon 9,"[{'response_mode': 'list', 'id': 1, 'name': 'Falcon'}, {'response_mode': 'list', 'id': 176, 'name': 'Falcon 9'}]",Falcon 9 Block 5,Block 5,
detailed,68,https://ll.thespacedevs.com/2.3.0/launchers/68/,True,B1059,False,Exploded upon ocean impact a safe distance from OCISLY,5.0,6.0,6.0,2021-02-16T03:59:37Z,2019-12-05T17:29:24Z,P58DT13H59M37S,4,lost,1622.0,[AUTO] B1059 - image,https://thespacedevs-prod.nyc3.digitaloceanspaces.com/media/images/68_image_20191207205858.jpg,https://thespacedevs-prod.nyc3.digitaloceanspaces.com/media/images/255bauto255d__image_thumbnail_20240305193321.jpeg,,1.0,Unknown,9.0,,True,[],list,164,https://ll.thespacedevs.com/2.3.0/launcher_configurations/164/,Falcon 9,"[{'response_mode': 'list', 'id': 1, 'name': 'Falcon'}, {'response_mode': 'list', 'id': 176, 'name': 'Falcon 9'}]",Falcon 9 Block 5,Block 5,
detailed,56,https://ll.thespacedevs.com/2.3.0/launchers/56/,True,B1048,False,Landing burn not performed after premature engine shutdown during ascent,4.0,5.0,5.0,2020-03-18T12:16:39Z,2018-07-25T11:39:30Z,P74DT14H41M58S,4,lost,1611.0,[AUTO] B1048 - image,https://thespacedevs-prod.nyc3.digitaloceanspaces.com/media/images/56_image_20191123114656.jpg,https://thespacedevs-prod.nyc3.digitaloceanspaces.com/media/images/255bauto255d__image_thumbnail_20240305193303.jpeg,,1.0,Unknown,9.0,,True,[],list,164,https://ll.thespacedevs.com/2.3.0/launcher_configurations/164/,Falcon 9,"[{'response_mode': 'list', 'id': 1, 'name': 'Falcon'}, {'response_mode': 'list', 'id': 176, 'name': 'Falcon 9'}]",Falcon 9 Block 5,Block 5,
detailed,248,https://ll.thespacedevs.com/2.3.0/launchers/248/,True,B1103,False,Falcon 9 booster.,5.0,5.0,5.0,2026-08-12T04:46:47Z,2026-04-07T02:50:39Z,P26DT8H14M11S,3,active,1736.0,Falcon 9 liftoff from LC-39A,https://thespacedevs-prod.nyc3.digitaloceanspaces.com/media/images/falcon_9_image_20230807133459.jpeg,https://thespacedevs-prod.nyc3.digitaloceanspaces.com/media/images/255bauto255d__image_thumbnail_20240305193628.jpeg,SpaceX,5.0,CC BY-NC 2.0,1.0,https://creativecommons.org/licenses/by-nc/2.0/,False,[],list,164,https://ll.thespacedevs.com/2.3.0/launcher_configurations/164/,Falcon 9,"[{'response_mode': 'list', 'id': 1, 'name': 'Falcon'}, {'response_mode': 'list', 'id': 176, 'name': 'Falcon 9'}]",Falcon 9 Block 5,Block 5,
detailed,148,https://ll.thespacedevs.com/2.3.0/launchers/148/,True,B1086,False,"Falcon 9 booster that started out as a Falcon Heavy side booster flown during the GOES-U mission.

Written off on 3 March 2025 after safely landing aboard JRTI due to post-landing aft end fire damaging one of the landing legs and tipping it overboard.",5.0,5.0,5.0,2025-03-03T02:24:00Z,2024-06-25T21:26:00Z,P26DT3H11M,4,lost,2120.0,B1072 and B1086 during landing (GOES-U),https://thespacedevs-prod.nyc3.digitaloceanspaces.com/media/images/b1072_and_b1086_image_20240626195649.jpeg,https://thespacedevs-prod.nyc3.digitaloceanspaces.com/media/images/b1072_and_b1086_image_thumbnail_20240626195649.jpeg,SpaceX,5.0,CC BY-NC 2.0,1.0,https://creativecommons.org/licenses/by-nc/2.0/,True,[],list,164,https://ll.thespacedevs.com/2.3.0/launcher_configurations/164/,Falcon 9,"[{'response_mode': 'list', 'id': 1, 'name': 'Falcon'}, {'response_mode': 'list', 'id': 176, 'name': 'Falcon 9'}]",Falcon 9 Block 5,Block 5,
detailed,65,https://ll.thespacedevs.com/2.3.0/launchers/65/,True,B1056,False,Missed the droneship and made successful water landing; apparently scuttled at sea afterward. ,3.0,4.0,4.0,2020-02-17T15:05:55Z,2019-05-04T06:48:58Z,P62DT14H55M55S,4,lost,1619.0,[AUTO] B1056 - image,https://thespacedevs-prod.nyc3.digitaloceanspaces.com/media/images/65_image_20190726210717.jpeg,https://thespacedevs-prod.nyc3.digitaloceanspaces.com/media/images/255bauto255d__image_thumbnail_20240305193316.jpeg,,1.0,Unknown,9.0,,True,[],list,164,https://ll.thespacedevs.com/2.3.0/launcher_configurations/164/,Falcon 9,"[{'response_mode': 'list', 'id': 1, 'name': 'Falcon'}, {'response_mode': 'list', 'id': 176, 'name': 'Falcon 9'}]",Falcon 9 Block 5,Block 5,
detailed,54,https://ll.thespacedevs.com/2.3.0/launchers/54/,True,B1046,False,Stage Expended,3.0,3.0,4.0,2020-01-19T15:30:00Z,2018-05-11T20:14:00Z,P87DT9H4M,2,expended,1609.0,[AUTO] B1046 - image,https://thespacedevs-prod.nyc3.digitaloceanspaces.com/media/images/54_image_20190226081254.jpeg,https://thespacedevs-prod.nyc3.digitaloceanspaces.com/media/images/255bauto255d__image_thumbnail_20240305193259.jpeg,,1.0,Unknown,9.0,,True,[],list,164,https://ll.thespacedevs.com/2.3.0/launcher_configurations/164/,Falcon 9,"[{'response_mode': 'list', 'id': 1, 'name': 'Falcon'}, {'response_mode': 'list', 'id': 176, 'name': 'Falcon 9'}]",Falcon 9 Block 5,Block 5,
detailed,55,https://ll.thespacedevs.com/2.3.0/launchers/55/,True,B1047,False,Stage Expended,2.0,2.0,3.0,2019-08-06T23:23:00Z,2018-07-22T05:50:00Z,P116DT14H56M,2,expended,1610.0,[AUTO] B1047 - image,https://thespacedevs-prod.nyc3.digitaloceanspaces.com/media/images/55_image_20190226081347.jpeg,https://thespacedevs-prod.nyc3.digitaloceanspaces.com/media/images/255bauto255d__image_thumbnail_20240305193301.jpeg,,1.0,Unknown,9.0,,True,[],list,164,https://ll.thespacedevs.com/2.3.0/launcher_configurations/164/,Falcon 9,"[{'response_mode': 'list', 'id': 1, 'name': 'Falcon'}, {'response_mode': 'list', 'id': 176, 'name': 'Falcon 9'}]",Falcon 9 Block 5,Block 5,
detailed,42,https://ll.thespacedevs.com/2.3.0/launchers/42/,True,B1035,False,Retired; permanently displayed at Space Center Houston.,2.0,2.0,2.0,2017-12-15T15:36:09Z,2017-06-03T21:07:38Z,P194DT18H28M31S,1,retired,1598.0,[AUTO] B1035 - image,https://thespacedevs-prod.nyc3.digitaloceanspaces.com/media/images/42_image_20190226083209.jpeg,https://thespacedevs-prod.nyc3.digitaloceanspaces.com/media/images/255bauto255d__image_thumbnail_20240305193241.jpeg,,1.0,Unknown,9.0,,True,[],list,55,https://ll.thespacedevs.com/2.3.0/launcher_configurations/55/,Falcon 9,"[{'response_mode': 'list', 'id': 1, 'name': 'Falcon'}, {'response_mode': 'list', 'id': 176, 'name': 'Falcon 9'}]",Falcon 9 Full Thrust,Full Thrust,
detailed,37,https://ll.thespacedevs.com/2.3.0/launchers/37/,True,B1029,False,Retired.,2.0,2.0,2.0,2017-06-23T19:10:00Z,2017-01-14T17:54:34Z,P160DT1H15M26S,1,retired,1592.0,[AUTO] B1029 - image,https://thespacedevs-prod.nyc3.digitaloceanspaces.com/media/images/37_image_20190226081059.jpeg,https://thespacedevs-prod.nyc3.digitaloceanspaces.com/media/images/255bauto255d__image_thumbnail_20240305193230.jpeg,,1.0,Unknown,9.0,,True,[],list,55,https://ll.thespacedevs.com/2.3.0/launcher_configurations/55/,Falcon 9,"[{'response_mode': 'list', 'id': 1, 'name': 'Falcon'}, {'response_mode': 'list', 'id': 176, 'name': 'Falcon 9'}]",Falcon 9 Full Thrust,Full Thrust,
detailed,34,https://ll.thespacedevs.com/2.3.0/launchers/34/,True,B1025,False,Retired.,2.0,2.0,2.0,2018-02-06T20:45:00Z,2016-07-18T04:45:29Z,P568DT15H59M31S,1,retired,1589.0,[AUTO] B1025 - image,https://thespacedevs-prod.nyc3.digitaloceanspaces.com/media/images/34_image_20190226082254.jpeg,https://thespacedevs-prod.nyc3.digitaloceanspaces.com/media/images/255bauto255d__image_thumbnail_20240305193225.jpeg,,1.0,Unknown,9.0,,True,[],list,55,https://ll.thespacedevs.com/2.3.0/launcher_configurations/55/,Falcon 9,"[{'response_mode': 'list', 'id': 1, 'name': 'Falcon'}, {'response_mode': 'list', 'id': 176, 'name': 'Falcon 9'}]",Falcon 9 Full Thrust,Full Thrust,
detailed,38,https://ll.thespacedevs.com/2.3.0/launchers/38/,True,B1031,False,"Stored outside at McGregor, partially disassembled (missing engines).",2.0,2.0,2.0,2017-10-11T22:53:00Z,2017-02-19T14:39:00Z,P234DT8H14M,1,retired,1594.0,[AUTO] B1031 - image,https://thespacedevs-prod.nyc3.digitaloceanspaces.com/media/images/38_image_20190226082801.jpeg,https://thespacedevs-prod.nyc3.digitaloceanspaces.com/media/images/255bauto255d__image_thumbnail_20240305193234.jpeg,,1.0,Unknown,9.0,,True,[],list,55,https://ll.thespacedevs.com/2.3.0/launcher_configurations/55/,Falcon 9,"[{'response_mode': 'list', 'id': 1, 'name': 'Falcon'}, {'response_mode': 'list', 'id': 176, 'name': 'Falcon 9'}]",Falcon 9 Full Thrust,Full Thrust,
detailed,45,https://ll.thespacedevs.com/2.3.0/launchers/45/,True,B1039,False,Stage Expended,1.0,1.0,2.0,2018-04-02T20:30:38Z,2017-08-14T16:31:37Z,P231DT3H59M1S,2,expended,1602.0,[AUTO] B1039 - image,https://thespacedevs-prod.nyc3.digitaloceanspaces.com/media/images/45_image_20190226083552.jpeg,https://thespacedevs-prod.nyc3.digitaloceanspaces.com/media/images/255bauto255d__image_thumbnail_20240305193248.jpeg,,1.0,Unknown,9.0,,True,[],list,145,https://ll.thespacedevs.com/2.3.0/launcher_configurations/145/,Falcon 9,"[{'response_mode': 'list', 'id': 1, 'name': 'Falcon'}, {'response_mode': 'list', 'id': 176, 'name': 'Falcon 9'}]",Falcon 9 Block 4,Block 4,
detailed,47,https://ll.thespacedevs.com/2.3.0/launchers/47/,True,B1040,False,Stage Expended,1.0,1.0,2.0,2018-06-04T04:45:00Z,2017-09-07T14:00:00Z,P269DT14H45M,2,expended,1603.0,[AUTO] B1040 - image,https://thespacedevs-prod.nyc3.digitaloceanspaces.com/media/images/47_image_20190226083837.jpeg,https://thespacedevs-prod.nyc3.digitaloceanspaces.com/media/images/255bauto255d__image_thumbnail_20240305193249.jpeg,,1.0,Unknown,9.0,,True,[],list,145,https://ll.thespacedevs.com/2.3.0/launcher_configurations/145/,Falcon 9,"[{'response_mode': 'list', 'id': 1, 'name': 'Falcon'}, {'response_mode': 'list', 'id': 176, 'name': 'Falcon 9'}]",Falcon 9 Block 4,Block 4,
detailed,240,https://ll.thespacedevs.com/2.3.0/launchers/240/,True,B1101,False,Falcon 9 booster.,2.0,2.0,2.0,2026-02-13T10:15:56Z,2026-01-04T06:48:10Z,P40DT3H27M46S,3,active,2688.0,B1101 at SLC-40 (Crew-12),https://thespacedevs-prod.nyc3.digitaloceanspaces.com/media/images/b1101_at_slc-40_image_20260208171031.jpg,https://thespacedevs-prod.nyc3.digitaloceanspaces.com/media/images/b1101_at_slc-40_image_thumbnail_20260208171033.jpeg,SpaceX,1.0,Unknown,9.0,,True,[],list,164,https://ll.thespacedevs.com/2.3.0/launcher_configurations/164/,Falcon 9,"[{'response_mode': 'list', 'id': 1, 'name': 'Falcon'}, {'response_mode': 'list', 'id': 176, 'name': 'Falcon 9'}]",Falcon 9 Block 5,Block 5,
detailed,48,https://ll.thespacedevs.com/2.3.0/launchers/48/,True,B1041,False,Stage Expended,1.0,1.0,2.0,2018-03-30T14:13:51Z,2017-10-09T12:37:01Z,P172DT1H36M50S,2,expended,1604.0,[AUTO] B1041 - image,https://thespacedevs-prod.nyc3.digitaloceanspaces.com/media/images/48_image_20190226083958.jpeg,https://thespacedevs-prod.nyc3.digitaloceanspaces.com/media/images/255bauto255d__image_thumbnail_20240305193251.jpeg,,1.0,Unknown,9.0,,True,[],list,145,https://ll.thespacedevs.com/2.3.0/launcher_configurations/145/,Falcon 9,"[{'response_mode': 'list', 'id': 1, 'name': 'Falcon'}, {'response_mode': 'list', 'id': 176, 'name': 'Falcon 9'}]",Falcon 9 Block 4,Block 4,
detailed,53,https://ll.thespacedevs.com/2.3.0/launchers/53/,True,B1045,False,Stage Expended,1.0,1.0,2.0,2018-06-29T09:42:41Z,2018-04-18T22:51:31Z,P71DT10H51M10S,2,expended,1608.0,[AUTO] B1045 - image,https://thespacedevs-prod.nyc3.digitaloceanspaces.com/media/images/53_image_20190226084547.jpeg,https://thespacedevs-prod.nyc3.digitaloceanspaces.com/media/images/255bauto255d__image_thumbnail_20240305193258.jpeg,,1.0,Unknown,9.0,,True,[],list,145,https://ll.thespacedevs.com/2.3.0/launcher_configurations/145/,Falcon 9,"[{'response_mode': 'list', 'id': 1, 'name': 'Falcon'}, {'response_mode': 'list', 'id': 176, 'name': 'Falcon 9'}]",Falcon 9 Block 4,Block 4,
detailed,40,https://ll.thespacedevs.com/2.3.0/launchers/40/,True,B1032,False,"Survived water landing on a non-recovery launch, SpaceX couldn't tug it back to port, so they hired a company to destroy it.",1.0,1.0,2.0,2018-01-31T21:25:00Z,2017-05-01T11:15:00Z,P275DT10H10M,2,expended,1595.0,[AUTO] B1032 - image,https://thespacedevs-prod.nyc3.digitaloceanspaces.com/media/images/40_image_20190226083004.jpeg,https://thespacedevs-prod.nyc3.digitaloceanspaces.com/media/images/255bauto255d__image_thumbnail_20240305193236.jpeg,,1.0,Unknown,9.0,,True,[],list,55,https://ll.thespacedevs.com/2.3.0/launcher_configurations/55/,Falcon 9,"[{'response_mode': 'list', 'id': 1, 'name': 'Falcon'}, {'response_mode': 'list', 'id': 176, 'name': 'Falcon 9'}]",Falcon 9 Full Thrust,Full Thrust,
detailed,50,https://ll.thespacedevs.com/2.3.0/launchers/50/,True,B1043,False,Stage Expended,1.0,1.0,2.0,2018-05-22T19:47:58Z,2018-01-08T01:00:00Z,P134DT18H47M58S,2,expended,1606.0,[AUTO] B1043 - image,https://thespacedevs-prod.nyc3.digitaloceanspaces.com/media/images/50_image_20190226084234.jpeg,https://thespacedevs-prod.nyc3.digitaloceanspaces.com/media/images/255bauto255d__image_thumbnail_20240305193254.jpeg,,1.0,Unknown,9.0,,True,[],list,145,https://ll.thespacedevs.com/2.3.0/launcher_configurations/145/,Falcon 9,"[{'response_mode': 'list', 'id': 1, 'name': 'Falcon'}, {'response_mode': 'list', 'id': 176, 'name': 'Falcon 9'}]",Falcon 9 Block 4,Block 4,
detailed,32,https://ll.thespacedevs.com/2.3.0/launchers/32/,True,B1023,False,Retired; on permanent display indoors at the Kennedy Space Center Visitor Complex.,2.0,2.0,2.0,2018-02-06T20:45:00Z,2016-05-27T21:39:00Z,P619DT23H6M,1,retired,1587.0,B1023,https://thespacedevs-prod.nyc3.digitaloceanspaces.com/media/images/32_image_20190226081021.jpeg,https://thespacedevs-prod.nyc3.digitaloceanspaces.com/media/images/255bauto255d__image_thumbnail_20240305193222.jpeg,SpaceX,5.0,CC BY-NC 2.0,1.0,https://creativecommons.org/licenses/by-nc/2.0/,True,[],list,55,https://ll.thespacedevs.com/2.3.0/launcher_configurations/55/,Falcon 9,"[{'response_mode': 'list', 'id': 1, 'name': 'Falcon'}, {'response_mode': 'list', 'id': 176, 'name': 'Falcon 9'}]",Falcon 9 Full Thrust,Full Thrust,
detailed,46,https://ll.thespacedevs.com/2.3.0/launchers/46/,True,B1038,False,Stage Expended,1.0,1.0,2.0,2018-02-22T14:17:00Z,2017-08-24T18:51:00Z,P181DT19H26M,2,expended,1601.0,[AUTO] B1038 - image,https://thespacedevs-prod.nyc3.digitaloceanspaces.com/media/images/46_image_20190226083648.jpeg,https://thespacedevs-prod.nyc3.digitaloceanspaces.com/media/images/255bauto255d__image_thumbnail_20240305193246.jpeg,,1.0,Unknown,9.0,,True,[],list,55,https://ll.thespacedevs.com/2.3.0/launcher_configurations/55/,Falcon 9,"[{'response_mode': 'list', 'id': 1, 'name': 'Falcon'}, {'response_mode': 'list', 'id': 176, 'name': 'Falcon 9'}]",Falcon 9 Full Thrust,Full Thrust,
detailed,30,https://ll.thespacedevs.com/2.3.0/launchers/30/,True,B1021,False,"Retired; on permanent display outside DISH Network Corporation headquarters in Littleton, Colorado.",2.0,2.0,2.0,2017-03-30T22:27:00Z,2016-04-08T20:43:32Z,P356DT1H43M28S,1,retired,1585.0,[AUTO] B1021 - image,https://thespacedevs-prod.nyc3.digitaloceanspaces.com/media/images/30_image_20190226080922.jpeg,https://thespacedevs-prod.nyc3.digitaloceanspaces.com/media/images/255bauto255d__image_thumbnail_20240305193219.jpeg,,1.0,Unknown,9.0,,True,[],list,55,https://ll.thespacedevs.com/2.3.0/launcher_configurations/55/,Falcon 9,"[{'response_mode': 'list', 'id': 1, 'name': 'Falcon'}, {'response_mode': 'list', 'id': 176, 'name': 'Falcon 9'}]",Falcon 9 Full Thrust,Full Thrust,
detailed,43,https://ll.thespacedevs.com/2.3.0/launchers/43/,True,B1036,False,Broke Up After Successful Water Landing,1.0,1.0,2.0,2017-12-23T01:27:34Z,2017-06-25T20:25:18Z,P180DT5H2M16S,2,expended,1599.0,[AUTO] B1036 - image,https://thespacedevs-prod.nyc3.digitaloceanspaces.com/media/images/43_image_20190226083438.jpeg,https://thespacedevs-prod.nyc3.digitaloceanspaces.com/media/images/255bauto255d__image_thumbnail_20240305193243.jpeg,,1.0,Unknown,9.0,,True,[],list,55,https://ll.thespacedevs.com/2.3.0/launcher_configurations/55/,Falcon 9,"[{'response_mode': 'list', 'id': 1, 'name': 'Falcon'}, {'response_mode': 'list', 'id': 176, 'name': 'Falcon 9'}]",Falcon 9 Full Thrust,Full Thrust,
detailed,8,https://ll.thespacedevs.com/2.3.0/launchers/8/,True,B0003,False,Stage Expended,0.0,1.0,1.0,2010-06-04T18:45:00Z,2010-06-04T18:45:00Z,,2,expended,1563.0,[AUTO] B0003 - image,https://thespacedevs-prod.nyc3.digitaloceanspaces.com/media/images/8_image_20191115082425.jpg,https://thespacedevs-prod.nyc3.digitaloceanspaces.com/media/images/255bauto255d__image_thumbnail_20240305193142.jpeg,,1.0,Unknown,9.0,,True,[],list,169,https://ll.thespacedevs.com/2.3.0/launcher_configurations/169/,Falcon 9,"[{'response_mode': 'list', 'id': 1, 'name': 'Falcon'}, {'response_mode': 'list', 'id': 176, 'name': 'Falcon 9'}]",Falcon 9 v1.0,v1.0,
detailed,9,https://ll.thespacedevs.com/2.3.0/launchers/9/,True,B0004,False,First flight of Dragon,0.0,1.0,1.0,2010-12-08T15:43:00Z,2010-12-08T15:43:00Z,,4,lost,1564.0,[AUTO] B0004 - image,https://thespacedevs-prod.nyc3.digitaloceanspaces.com/media/images/9_image_20191115082500.jpg,https://thespacedevs-prod.nyc3.digitaloceanspaces.com/media/images/255bauto255d__image_thumbnail_20240305193144.jpeg,,1.0,Unknown,9.0,,True,[],list,169,https://ll.thespacedevs.com/2.3.0/launcher_configurations/169/,Falcon 9,"[{'response_mode': 'list', 'id': 1, 'name': 'Falcon'}, {'response_mode': 'list', 'id': 176, 'name': 'Falcon 9'}]",Falcon 9 v1.0,v1.0,
detailed,10,https://ll.thespacedevs.com/2.3.0/launchers/10/,True,B0005,False,,0.0,0.0,1.0,2012-05-22T07:44:38Z,2012-05-22T07:44:38Z,,4,lost,1565.0,[AUTO] B0005 - image,https://thespacedevs-prod.nyc3.digitaloceanspaces.com/media/images/10_image_20191115082622.jpeg,https://thespacedevs-prod.nyc3.digitaloceanspaces.com/media/images/255bauto255d__image_thumbnail_20240305193145.jpeg,,1.0,Unknown,9.0,,True,[],list,169,https://ll.thespacedevs.com/2.3.0/launcher_configurations/169/,Falcon 9,"[{'response_mode': 'list', 'id': 1, 'name': 'Falcon'}, {'response_mode': 'list', 'id': 176, 'name': 'Falcon 9'}]",Falcon 9 v1.0,v1.0,
detailed,11,https://ll.thespacedevs.com/2.3.0/launchers/11/,True,B0006,False,Suffered engine out at T+1:19 but primary mission successful,0.0,0.0,1.0,2012-10-08T00:35:07Z,2012-10-08T00:35:07Z,,4,lost,1566.0,[AUTO] B0006 - image,https://thespacedevs-prod.nyc3.digitaloceanspaces.com/media/images/11_image_20191115082657.jpeg,https://thespacedevs-prod.nyc3.digitaloceanspaces.com/media/images/255bauto255d__image_thumbnail_20240305193147.jpeg,,1.0,Unknown,9.0,,True,[],list,169,https://ll.thespacedevs.com/2.3.0/launcher_configurations/169/,Falcon 9,"[{'response_mode': 'list', 'id': 1, 'name': 'Falcon'}, {'response_mode': 'list', 'id': 176, 'name': 'Falcon 9'}]",Falcon 9 v1.0,v1.0,
detailed,12,https://ll.thespacedevs.com/2.3.0/launchers/12/,True,B0007,False,,0.0,0.0,1.0,2013-03-01T15:10:13Z,2013-03-01T15:10:13Z,,4,lost,1567.0,[AUTO] B0007 - image,https://thespacedevs-prod.nyc3.digitaloceanspaces.com/media/images/12_image_20191115082745.jpeg,https://thespacedevs-prod.nyc3.digitaloceanspaces.com/media/images/255bauto255d__image_thumbnail_20240305193149.jpeg,,1.0,Unknown,9.0,,True,[],list,169,https://ll.thespacedevs.com/2.3.0/launcher_configurations/169/,Falcon 9,"[{'response_mode': 'list', 'id': 1, 'name': 'Falcon'}, {'response_mode': 'list', 'id': 176, 'name': 'Falcon 9'}]",Falcon 9 v1.0,v1.0,
detailed,13,https://ll.thespacedevs.com/2.3.0/launchers/13/,True,B1003,False,"First flight of Falcon 9 v1.1 upgrade, first Spacex flight from Vandenberg",0.0,0.0,1.0,2013-09-29T16:00:13Z,2013-09-29T16:00:13Z,,4,lost,1568.0,[AUTO] B1003 - image,https://thespacedevs-prod.nyc3.digitaloceanspaces.com/media/images/13_image_20191115082823.jpg,https://thespacedevs-prod.nyc3.digitaloceanspaces.com/media/images/255bauto255d__image_thumbnail_20240305193151.jpeg,,1.0,Unknown,9.0,,True,[],list,14,https://ll.thespacedevs.com/2.3.0/launcher_configurations/14/,Falcon 9,"[{'response_mode': 'list', 'id': 1, 'name': 'Falcon'}, {'response_mode': 'list', 'id': 176, 'name': 'Falcon 9'}]",Falcon 9 v1.1,v1.1,
detailed,14,https://ll.thespacedevs.com/2.3.0/launchers/14/,True,B1004,False,,0.0,0.0,1.0,2013-12-03T22:41:00Z,2013-12-03T22:41:00Z,,4,lost,1569.0,[AUTO] B1004 - image,https://thespacedevs-prod.nyc3.digitaloceanspaces.com/media/images/14_image_20191115082913.jpeg,https://thespacedevs-prod.nyc3.digitaloceanspaces.com/media/images/255bauto255d__image_thumbnail_20240305193152.jpeg,,1.0,Unknown,9.0,,True,[],list,14,https://ll.thespacedevs.com/2.3.0/launcher_configurations/14/,Falcon 9,"[{'response_mode': 'list', 'id': 1, 'name': 'Falcon'}, {'response_mode': 'list', 'id': 176, 'name': 'Falcon 9'}]",Falcon 9 v1.1,v1.1,
detailed,15,https://ll.thespacedevs.com/2.3.0/launchers/15/,True,B1005,False,,0.0,0.0,1.0,2014-01-06T22:06:00Z,2014-01-06T22:06:00Z,,4,lost,1570.0,[AUTO] B1005 - image,https://thespacedevs-prod.nyc3.digitaloceanspaces.com/media/images/15_image_20190226091005.jpg,https://thespacedevs-prod.nyc3.digitaloceanspaces.com/media/images/255bauto255d__image_thumbnail_20240305193154.jpeg,,1.0,Unknown,9.0,,True,[],list,14,https://ll.thespacedevs.com/2.3.0/launcher_configurations/14/,Falcon 9,"[{'response_mode': 'list', 'id': 1, 'name': 'Falcon'}, {'response_mode': 'list', 'id': 176, 'name': 'Falcon 9'}]",Falcon 9 v1.1,v1.1,
detailed,16,https://ll.thespacedevs.com/2.3.0/launchers/16/,True,B1006,False,Broke up after sucessful water landing,0.0,0.0,1.0,2014-04-18T19:25:22Z,2014-04-18T19:25:22Z,,4,lost,1571.0,[AUTO] B1006 - image,https://thespacedevs-prod.nyc3.digitaloceanspaces.com/media/images/16_image_20190226091044.jpeg,https://thespacedevs-prod.nyc3.digitaloceanspaces.com/media/images/255bauto255d__image_thumbnail_20240305193155.jpeg,,1.0,Unknown,9.0,,True,[],list,14,https://ll.thespacedevs.com/2.3.0/launcher_configurations/14/,Falcon 9,"[{'response_mode': 'list', 'id': 1, 'name': 'Falcon'}, {'response_mode': 'list', 'id': 176, 'name': 'Falcon 9'}]",Falcon 9 v1.1,v1.1,
detailed,17,https://ll.thespacedevs.com/2.3.0/launchers/17/,True,B1007,False,Broke up after sucessful water landing,0.0,0.0,1.0,2014-07-14T15:15:00Z,2014-07-14T15:15:00Z,,4,lost,1572.0,[AUTO] B1007 - image,https://thespacedevs-prod.nyc3.digitaloceanspaces.com/media/images/17_image_20190226091117.jpg,https://thespacedevs-prod.nyc3.digitaloceanspaces.com/media/images/255bauto255d__image_thumbnail_20240305193157.jpeg,,1.0,Unknown,9.0,,True,[],list,14,https://ll.thespacedevs.com/2.3.0/launcher_configurations/14/,Falcon 9,"[{'response_mode': 'list', 'id': 1, 'name': 'Falcon'}, {'response_mode': 'list', 'id': 176, 'name': 'Falcon 9'}]",Falcon 9 v1.1,v1.1,
detailed,18,https://ll.thespacedevs.com/2.3.0/launchers/18/,True,B1008,False,,0.0,0.0,1.0,2014-08-05T08:00:00Z,2014-08-05T08:00:00Z,,4,lost,1573.0,[AUTO] B1008 - image,https://thespacedevs-prod.nyc3.digitaloceanspaces.com/media/images/18_image_20190226091204.jpg,https://thespacedevs-prod.nyc3.digitaloceanspaces.com/media/images/255bauto255d__image_thumbnail_20240305193159.jpeg,,1.0,Unknown,9.0,,True,[],list,14,https://ll.thespacedevs.com/2.3.0/launcher_configurations/14/,Falcon 9,"[{'response_mode': 'list', 'id': 1, 'name': 'Falcon'}, {'response_mode': 'list', 'id': 176, 'name': 'Falcon 9'}]",Falcon 9 v1.1,v1.1,
detailed,20,https://ll.thespacedevs.com/2.3.0/launchers/20/,True,B1010,False,Broke up after sucessful water landing,0.0,1.0,1.0,2014-09-21T05:52:03Z,2014-09-21T05:52:03Z,,4,lost,1574.0,[AUTO] B1010 - image,https://thespacedevs-prod.nyc3.digitaloceanspaces.com/media/images/20_image_20190226091314.jpg,https://thespacedevs-prod.nyc3.digitaloceanspaces.com/media/images/255bauto255d__image_thumbnail_20240305193201.jpeg,,1.0,Unknown,9.0,,True,[],list,14,https://ll.thespacedevs.com/2.3.0/launcher_configurations/14/,Falcon 9,"[{'response_mode': 'list', 'id': 1, 'name': 'Falcon'}, {'response_mode': 'list', 'id': 176, 'name': 'Falcon 9'}]",Falcon 9 v1.1,v1.1,
detailed,19,https://ll.thespacedevs.com/2.3.0/launchers/19/,True,B1011,False,,0.0,0.0,1.0,2014-09-07T05:00:00Z,2014-09-07T05:00:00Z,,4,lost,1575.0,[AUTO] B1011 - image,https://thespacedevs-prod.nyc3.digitaloceanspaces.com/media/images/19_image_20190226091240.jpg,https://thespacedevs-prod.nyc3.digitaloceanspaces.com/media/images/255bauto255d__image_thumbnail_20240305193202.jpeg,,1.0,Unknown,9.0,,True,[],list,14,https://ll.thespacedevs.com/2.3.0/launcher_configurations/14/,Falcon 9,"[{'response_mode': 'list', 'id': 1, 'name': 'Falcon'}, {'response_mode': 'list', 'id': 176, 'name': 'Falcon 9'}]",Falcon 9 v1.1,v1.1,
detailed,21,https://ll.thespacedevs.com/2.3.0/launchers/21/,True,B1012,False,"Destroyed on impact with droneship, grid fin hydraulic fluid depleted",0.0,1.0,1.0,2015-01-10T09:47:10Z,2015-01-10T09:47:10Z,,4,lost,1576.0,[AUTO] B1012 - image,https://thespacedevs-prod.nyc3.digitaloceanspaces.com/media/images/21_image_20190226091343.jpeg,https://thespacedevs-prod.nyc3.digitaloceanspaces.com/media/images/255bauto255d__image_thumbnail_20240305193204.jpeg,,1.0,Unknown,9.0,,True,[],list,14,https://ll.thespacedevs.com/2.3.0/launcher_configurations/14/,Falcon 9,"[{'response_mode': 'list', 'id': 1, 'name': 'Falcon'}, {'response_mode': 'list', 'id': 176, 'name': 'Falcon 9'}]",Falcon 9 v1.1,v1.1,
detailed,22,https://ll.thespacedevs.com/2.3.0/launchers/22/,True,B1013,False,Broke up after sucessful water landing,0.0,0.0,1.0,2015-02-11T23:03:32Z,2015-02-11T23:03:32Z,,4,lost,1577.0,[AUTO] B1013 - image,https://thespacedevs-prod.nyc3.digitaloceanspaces.com/media/images/22_image_20190226091415.jpg,https://thespacedevs-prod.nyc3.digitaloceanspaces.com/media/images/255bauto255d__image_thumbnail_20240305193205.jpeg,,1.0,Unknown,9.0,,True,[],list,14,https://ll.thespacedevs.com/2.3.0/launcher_configurations/14/,Falcon 9,"[{'response_mode': 'list', 'id': 1, 'name': 'Falcon'}, {'response_mode': 'list', 'id': 176, 'name': 'Falcon 9'}]",Falcon 9 v1.1,v1.1,
detailed,23,https://ll.thespacedevs.com/2.3.0/launchers/23/,True,B1014,False,,0.0,0.0,1.0,2015-03-02T03:50:00Z,2015-03-02T03:50:00Z,,4,lost,1578.0,[AUTO] B1014 - image,https://thespacedevs-prod.nyc3.digitaloceanspaces.com/media/images/23_image_20190226091459.jpeg,https://thespacedevs-prod.nyc3.digitaloceanspaces.com/media/images/255bauto255d__image_thumbnail_20240305193207.jpeg,,1.0,Unknown,9.0,,True,[],list,14,https://ll.thespacedevs.com/2.3.0/launcher_configurations/14/,Falcon 9,"[{'response_mode': 'list', 'id': 1, 'name': 'Falcon'}, {'response_mode': 'list', 'id': 176, 'name': 'Falcon 9'}]",Falcon 9 v1.1,v1.1,
detailed,24,https://ll.thespacedevs.com/2.3.0/launchers/24/,True,B1015,False,Destroyed on impact with droneship due to excess lateral velocity - throttle stiction,0.0,1.0,1.0,2015-04-14T20:10:41Z,2015-04-14T20:10:41Z,,4,lost,1579.0,[AUTO] B1015 - image,https://thespacedevs-prod.nyc3.digitaloceanspaces.com/media/images/24_image_20190226091549.jpg,https://thespacedevs-prod.nyc3.digitaloceanspaces.com/media/images/255bauto255d__image_thumbnail_20240305193209.jpeg,,1.0,Unknown,9.0,,True,[],list,14,https://ll.thespacedevs.com/2.3.0/launcher_configurations/14/,Falcon 9,"[{'response_mode': 'list', 'id': 1, 'name': 'Falcon'}, {'response_mode': 'list', 'id': 176, 'name': 'Falcon 9'}]",Falcon 9 v1.1,v1.1,
detailed,25,https://ll.thespacedevs.com/2.3.0/launchers/25/,True,B1016,False,,0.0,0.0,1.0,2015-04-27T23:03:00Z,2015-04-27T23:03:00Z,,4,lost,1580.0,[AUTO] B1016 - image,https://thespacedevs-prod.nyc3.digitaloceanspaces.com/media/images/25_image_20190226091642.jpeg,https://thespacedevs-prod.nyc3.digitaloceanspaces.com/media/images/255bauto255d__image_thumbnail_20240305193211.jpeg,,1.0,Unknown,9.0,,True,[],list,14,https://ll.thespacedevs.com/2.3.0/launcher_configurations/14/,Falcon 9,"[{'response_mode': 'list', 'id': 1, 'name': 'Falcon'}, {'response_mode': 'list', 'id': 176, 'name': 'Falcon 9'}]",Falcon 9 v1.1,v1.1,
detailed,28,https://ll.thespacedevs.com/2.3.0/launchers/28/,True,B1017,False,Destroyed after drone ship landing due to landing leg failure,0.0,1.0,1.0,2016-01-17T18:42:18Z,2016-01-17T18:42:18Z,,4,lost,1581.0,[AUTO] B1017 - image,https://thespacedevs-prod.nyc3.digitaloceanspaces.com/media/images/28_image_20190226105336.jpeg,https://thespacedevs-prod.nyc3.digitaloceanspaces.com/media/images/255bauto255d__image_thumbnail_20240305193212.jpeg,,1.0,Unknown,9.0,,True,[],list,55,https://ll.thespacedevs.com/2.3.0/launcher_configurations/55/,Falcon 9,"[{'response_mode': 'list', 'id': 1, 'name': 'Falcon'}, {'response_mode': 'list', 'id': 176, 'name': 'Falcon 9'}]",Falcon 9 Full Thrust,Full Thrust,
detailed,26,https://ll.thespacedevs.com/2.3.0/launchers/26/,True,B1018,False,RUD at T + 139s - second stage overpressure event due to defective COPV strut heim joint,0.0,1.0,1.0,2015-06-28T14:21:11Z,2015-06-28T14:21:11Z,,4,lost,1582.0,[AUTO] B1018 - image,https://thespacedevs-prod.nyc3.digitaloceanspaces.com/media/images/26_image_20190226105108.jpeg,https://thespacedevs-prod.nyc3.digitaloceanspaces.com/media/images/255bauto255d__image_thumbnail_20240305193214.jpeg,,1.0,Unknown,9.0,,True,[],list,14,https://ll.thespacedevs.com/2.3.0/launcher_configurations/14/,Falcon 9,"[{'response_mode': 'list', 'id': 1, 'name': 'Falcon'}, {'response_mode': 'list', 'id': 176, 'name': 'Falcon 9'}]",Falcon 9 v1.1,v1.1,
detailed,27,https://ll.thespacedevs.com/2.3.0/launchers/27/,True,B1019,False,"Retired; on permanent display outside SpaceX headquarters, Hawthorne, California.",1.0,1.0,1.0,2015-12-22T01:29:00Z,2015-12-22T01:29:00Z,,1,retired,1583.0,[AUTO] B1019 - image,https://thespacedevs-prod.nyc3.digitaloceanspaces.com/media/images/27_image_20190226080753.jpeg,https://thespacedevs-prod.nyc3.digitaloceanspaces.com/media/images/255bauto255d__image_thumbnail_20240305193215.jpeg,,1.0,Unknown,9.0,,True,[],list,55,https://ll.thespacedevs.com/2.3.0/launcher_configurations/55/,Falcon 9,"[{'response_mode': 'list', 'id': 1, 'name': 'Falcon'}, {'response_mode': 'list', 'id': 176, 'name': 'Falcon 9'}]",Falcon 9 Full Thrust,Full Thrust,
detailed,29,https://ll.thespacedevs.com/2.3.0/launchers/29/,True,B1020,False,"Destroyed on Impact with DroneShip (OCISLY) - Excess Velocity, Possible Fuel Exhaustion",0.0,1.0,1.0,2016-03-04T23:35:00Z,2016-03-04T23:35:00Z,,4,lost,1584.0,[AUTO] B1020 - image,https://thespacedevs-prod.nyc3.digitaloceanspaces.com/media/images/29_image_20190226105526.jpg,https://thespacedevs-prod.nyc3.digitaloceanspaces.com/media/images/255bauto255d__image_thumbnail_20240305193217.jpeg,,1.0,Unknown,9.0,,True,[],list,55,https://ll.thespacedevs.com/2.3.0/launcher_configurations/55/,Falcon 9,"[{'response_mode': 'list', 'id': 1, 'name': 'Falcon'}, {'response_mode': 'list', 'id': 176, 'name': 'Falcon 9'}]",Falcon 9 Full Thrust,Full Thrust,
detailed,31,https://ll.thespacedevs.com/2.3.0/launchers/31/,True,B1022,False,Removed from active fleet for Δ Qualification Testing. Retired after eight to ten test cycles.  Currently partially disassembled at McGregor.,1.0,1.0,1.0,2016-05-06T05:21:00Z,2016-05-06T05:21:00Z,,1,retired,1586.0,[AUTO] B1022 - image,https://thespacedevs-prod.nyc3.digitaloceanspaces.com/media/images/31_image_20190226082143.jpeg,https://thespacedevs-prod.nyc3.digitaloceanspaces.com/media/images/255bauto255d__image_thumbnail_20240305193220.jpeg,,1.0,Unknown,9.0,,True,[],list,55,https://ll.thespacedevs.com/2.3.0/launcher_configurations/55/,Falcon 9,"[{'response_mode': 'list', 'id': 1, 'name': 'Falcon'}, {'response_mode': 'list', 'id': 176, 'name': 'Falcon 9'}]",Falcon 9 Full Thrust,Full Thrust,
detailed,33,https://ll.thespacedevs.com/2.3.0/launchers/33/,True,B1024,False,RUD on deck of droneship (OCISLY),0.0,1.0,1.0,2016-06-15T14:29:00Z,2016-06-15T14:29:00Z,,4,lost,1588.0,[AUTO] B1024 - image,https://thespacedevs-prod.nyc3.digitaloceanspaces.com/media/images/33_image_20190226105723.jpg,https://thespacedevs-prod.nyc3.digitaloceanspaces.com/media/images/255bauto255d__image_thumbnail_20240305193224.jpeg,,1.0,Unknown,9.0,,True,[],list,55,https://ll.thespacedevs.com/2.3.0/launcher_configurations/55/,Falcon 9,"[{'response_mode': 'list', 'id': 1, 'name': 'Falcon'}, {'response_mode': 'list', 'id': 176, 'name': 'Falcon 9'}]",Falcon 9 Full Thrust,Full Thrust,
detailed,35,https://ll.thespacedevs.com/2.3.0/launchers/35/,True,B1026,False,Permanently scrapped.,1.0,1.0,1.0,2016-08-14T05:26:00Z,2016-08-14T05:26:00Z,,1,retired,1590.0,[AUTO] B1026 - image,https://thespacedevs-prod.nyc3.digitaloceanspaces.com/media/images/35_image_20190226082335.jpeg,https://thespacedevs-prod.nyc3.digitaloceanspaces.com/media/images/255bauto255d__image_thumbnail_20240305193227.jpeg,,1.0,Unknown,9.0,,True,[],list,55,https://ll.thespacedevs.com/2.3.0/launcher_configurations/55/,Falcon 9,"[{'response_mode': 'list', 'id': 1, 'name': 'Falcon'}, {'response_mode': 'list', 'id': 176, 'name': 'Falcon 9'}]",Falcon 9 Full Thrust,Full Thrust,
detailed,36,https://ll.thespacedevs.com/2.3.0/launchers/36/,True,B1028,False,---,0.0,0.0,1.0,2016-09-03T07:00:00Z,2016-09-03T07:00:00Z,,4,lost,1591.0,[AUTO] B1028 - image,https://thespacedevs-prod.nyc3.digitaloceanspaces.com/media/images/36_image_20190226110009.jpg,https://thespacedevs-prod.nyc3.digitaloceanspaces.com/media/images/255bauto255d__image_thumbnail_20240305193228.jpeg,,1.0,Unknown,9.0,,True,[],list,55,https://ll.thespacedevs.com/2.3.0/launcher_configurations/55/,Falcon 9,"[{'response_mode': 'list', 'id': 1, 'name': 'Falcon'}, {'response_mode': 'list', 'id': 176, 'name': 'Falcon 9'}]",Falcon 9 Full Thrust,Full Thrust,
detailed,39,https://ll.thespacedevs.com/2.3.0/launchers/39/,True,B1030,False,Stage Expended,0.0,0.0,1.0,2017-03-16T06:00:00Z,2017-03-16T06:00:00Z,,2,expended,1593.0,[AUTO] B1030 - image,https://thespacedevs-prod.nyc3.digitaloceanspaces.com/media/images/39_image_20190226110321.jpg,https://thespacedevs-prod.nyc3.digitaloceanspaces.com/media/images/255bauto255d__image_thumbnail_20240305193232.jpeg,,1.0,Unknown,9.0,,True,[],list,55,https://ll.thespacedevs.com/2.3.0/launcher_configurations/55/,Falcon 9,"[{'response_mode': 'list', 'id': 1, 'name': 'Falcon'}, {'response_mode': 'list', 'id': 176, 'name': 'Falcon 9'}]",Falcon 9 Full Thrust,Full Thrust,
detailed,51,https://ll.thespacedevs.com/2.3.0/launchers/51/,True,B1033,False,"Two of the outer engines didn't re-ignite for the landing burn, ran out of TEA/TEB igniters. ",0.0,1.0,1.0,2018-02-06T20:45:00Z,2018-02-06T20:45:00Z,,4,lost,1596.0,[AUTO] B1033 - image,https://thespacedevs-prod.nyc3.digitaloceanspaces.com/media/images/51_image_20190226084354.jpeg,https://thespacedevs-prod.nyc3.digitaloceanspaces.com/media/images/255bauto255d__image_thumbnail_20240305193237.jpeg,,1.0,Unknown,9.0,,True,[],list,55,https://ll.thespacedevs.com/2.3.0/launcher_configurations/55/,Falcon 9,"[{'response_mode': 'list', 'id': 1, 'name': 'Falcon'}, {'response_mode': 'list', 'id': 176, 'name': 'Falcon 9'}]",Falcon 9 Full Thrust,Full Thrust,
detailed,41,https://ll.thespacedevs.com/2.3.0/launchers/41/,True,B1034,False,Stage Expended,0.0,0.0,1.0,2017-05-15T23:21:00Z,2017-05-15T23:21:00Z,,2,expended,1597.0,[AUTO] B1034 - image,https://thespacedevs-prod.nyc3.digitaloceanspaces.com/media/images/41_image_20190226110440.jpg,https://thespacedevs-prod.nyc3.digitaloceanspaces.com/media/images/255bauto255d__image_thumbnail_20240305193239.jpeg,,1.0,Unknown,9.0,,True,[],list,55,https://ll.thespacedevs.com/2.3.0/launcher_configurations/55/,Falcon 9,"[{'response_mode': 'list', 'id': 1, 'name': 'Falcon'}, {'response_mode': 'list', 'id': 176, 'name': 'Falcon 9'}]",Falcon 9 Full Thrust,Full Thrust,
detailed,44,https://ll.thespacedevs.com/2.3.0/launchers/44/,True,B1037,False,Stage Expended,0.0,0.0,1.0,2017-07-05T23:38:00Z,2017-07-05T23:38:00Z,,2,expended,1600.0,[AUTO] B1037 - image,https://thespacedevs-prod.nyc3.digitaloceanspaces.com/media/images/44_image_20191115083053.jpeg,https://thespacedevs-prod.nyc3.digitaloceanspaces.com/media/images/255bauto255d__image_thumbnail_20240305193245.jpeg,,1.0,Unknown,9.0,,True,[],list,55,https://ll.thespacedevs.com/2.3.0/launcher_configurations/55/,Falcon 9,"[{'response_mode': 'list', 'id': 1, 'name': 'Falcon'}, {'response_mode': 'list', 'id': 176, 'name': 'Falcon 9'}]",Falcon 9 Full Thrust,Full Thrust,
detailed,49,https://ll.thespacedevs.com/2.3.0/launchers/49/,True,B1042,False,Retired.,1.0,1.0,1.0,2017-10-30T19:34:00Z,2017-10-30T19:34:00Z,,1,retired,1605.0,[AUTO] B1042 - image,https://thespacedevs-prod.nyc3.digitaloceanspaces.com/media/images/49_image_20190226084131.jpeg,https://thespacedevs-prod.nyc3.digitaloceanspaces.com/media/images/255bauto255d__image_thumbnail_20240305193253.jpeg,,1.0,Unknown,9.0,,True,[],list,145,https://ll.thespacedevs.com/2.3.0/launcher_configurations/145/,Falcon 9,"[{'response_mode': 'list', 'id': 1, 'name': 'Falcon'}, {'response_mode': 'list', 'id': 176, 'name': 'Falcon 9'}]",Falcon 9 Block 4,Block 4,
detailed,52,https://ll.thespacedevs.com/2.3.0/launchers/52/,True,B1044,False,Stage Expended,0.0,0.0,1.0,2018-03-06T05:33:00Z,2018-03-06T05:33:00Z,,2,expended,1607.0,[AUTO] B1044 - image,https://thespacedevs-prod.nyc3.digitaloceanspaces.com/media/images/52_image_20190226084428.jpeg,https://thespacedevs-prod.nyc3.digitaloceanspaces.com/media/images/255bauto255d__image_thumbnail_20240305193256.jpeg,,1.0,Unknown,9.0,,True,[],list,145,https://ll.thespacedevs.com/2.3.0/launcher_configurations/145/,Falcon 9,"[{'response_mode': 'list', 'id': 1, 'name': 'Falcon'}, {'response_mode': 'list', 'id': 176, 'name': 'Falcon 9'}]",Falcon 9 Block 4,Block 4,
detailed,1,https://ll.thespacedevs.com/2.3.0/launchers/1/,True,B1050,False,Towed to Port of Canaveral; cannibalized for parts to build Starhopper.,0.0,1.0,1.0,2018-12-05T18:16:16Z,2018-12-05T18:16:16Z,,1,retired,1613.0,[AUTO] B1050 - image,https://thespacedevs-prod.nyc3.digitaloceanspaces.com/media/images/1_image_20230201124850.jpg,https://thespacedevs-prod.nyc3.digitaloceanspaces.com/media/images/255bauto255d__image_thumbnail_20240305193306.jpeg,,1.0,Unknown,9.0,,True,[],list,164,https://ll.thespacedevs.com/2.3.0/launcher_configurations/164/,Falcon 9,"[{'response_mode': 'list', 'id': 1, 'name': 'Falcon'}, {'response_mode': 'list', 'id': 176, 'name': 'Falcon 9'}]",Falcon 9 Block 5,Block 5,
detailed,61,https://ll.thespacedevs.com/2.3.0/launchers/61/,True,B1054,False,Stage Expended,0.0,0.0,1.0,2018-12-23T13:51:00Z,2018-12-23T13:51:00Z,,2,expended,1617.0,[AUTO] B1054 - image,https://thespacedevs-prod.nyc3.digitaloceanspaces.com/media/images/61_image_20190228071607.jpg,https://thespacedevs-prod.nyc3.digitaloceanspaces.com/media/images/255bauto255d__image_thumbnail_20240305193312.jpeg,,1.0,Unknown,9.0,,True,[],list,164,https://ll.thespacedevs.com/2.3.0/launcher_configurations/164/,Falcon 9,"[{'response_mode': 'list', 'id': 1, 'name': 'Falcon'}, {'response_mode': 'list', 'id': 176, 'name': 'Falcon 9'}]",Falcon 9 Block 5,Block 5,
detailed,250,https://ll.thespacedevs.com/2.3.0/launchers/250/,False,B1104,False,Falcon 9 booster.,0.0,0.0,0.0,,,,3,active,1736.0,Falcon 9 liftoff from LC-39A,https://thespacedevs-prod.nyc3.digitaloceanspaces.com/media/images/falcon_9_image_20230807133459.jpeg,https://thespacedevs-prod.nyc3.digitaloceanspaces.com/media/images/255bauto255d__image_thumbnail_20240305193628.jpeg,SpaceX,5.0,CC BY-NC 2.0,1.0,https://creativecommons.org/licenses/by-nc/2.0/,False,[],list,164,https://ll.thespacedevs.com/2.3.0/launcher_configurations/164/,Falcon 9,"[{'response_mode': 'list', 'id': 1, 'name': 'Falcon'}, {'response_mode': 'list', 'id': 176, 'name': 'Falcon 9'}]",Falcon 9 Block 5,Block 5,
detailed,244,https://ll.thespacedevs.com/2.3.0/launchers/244/,False,B1102,False,Falcon 9 booster (may fly as a Falcon Heavy side booster later).,0.0,0.0,0.0,,,,3,active,1736.0,Falcon 9 liftoff from LC-39A,https://thespacedevs-prod.nyc3.digitaloceanspaces.com/media/images/falcon_9_image_20230807133459.jpeg,https://thespacedevs-prod.nyc3.digitaloceanspaces.com/media/images/255bauto255d__image_thumbnail_20240305193628.jpeg,SpaceX,5.0,CC BY-NC 2.0,1.0,https://creativecommons.org/licenses/by-nc/2.0/,False,[],list,164,https://ll.thespacedevs.com/2.3.0/launcher_configurations/164/,Falcon 9,"[{'response_mode': 'list', 'id': 1, 'name': 'Falcon'}, {'response_mode': 'list', 'id': 176, 'name': 'Falcon 9'}]",Falcon 9 Block 5,Block 5,
